1,1,Espacio y Mueble,24722C9B-49D6-E011-8FA4-003048BF2C77
2,1,Rutinas de Cuidado Personal,25722C9B-49D6-E011-8FA4-003048BF2C77
3,1,Escuchar y Hablar,26722C9B-49D6-E011-8FA4-003048BF2C77
4,1,Actividades,27722C9B-49D6-E011-8FA4-003048BF2C77
5,1,Interacción ,28722C9B-49D6-E011-8FA4-003048BF2C77
6,1,Estructura del programa,29722C9B-49D6-E011-8FA4-003048BF2C77
7,1,Padres y Personal,2A722C9B-49D6-E011-8FA4-003048BF2C77
8,2,Espacio y Muebles,2B722C9B-49D6-E011-8FA4-003048BF2C77
9,2,Rutinas del Cuidado Personal,2C722C9B-49D6-E011-8FA4-003048BF2C77
10,2,Lenguaje-Razonamiento,2D722C9B-49D6-E011-8FA4-003048BF2C77
11,2,Actividades,2E722C9B-49D6-E011-8FA4-003048BF2C77
12,2,Interacción ,2F722C9B-49D6-E011-8FA4-003048BF2C77
13,2,Estructura del programa,30722C9B-49D6-E011-8FA4-003048BF2C77
14,2,Padres y Personal,31722C9B-49D6-E011-8FA4-003048BF2C77
